"Location","Avg_Temperature","SD_Temperature","Avg_Moisture","SD_Moisture","Avg_Viable_Counts","SD_Viable_Counts"
"Amsterdam",57.9915887850467,1.9945738418116,74.7485981308411,1.86589876598441,3.01383177570093,0.0687028721463431
"Groningen",54.8468085106383,1.99783227296351,70.1212765957447,2.02802262613969,3.03446808510638,0.0667142360599891
"Maastricht",57.3173333333333,1.95637373684023,72.3733333333333,1.76821281993333,2.99706666666667,0.0597013588811197
"Rotterdam",56.5654545454545,2.1153192382159,62.32,2.09454512151327,2.86290909090909,0.067936093209971
"Utrecht",69.8350877192982,2.05275478433899,75.6701754385965,1.96342349669041,2.67771929824561,0.0701835152936372
