"random_number","index"
104.338656726992,1
170.258717809571,2
165.111349256709,3
124.735716599971,4
129.705428472953,5
157.901795969578,6
133.013247192139,7
161.579184410628,8
154.037026877049,9
187.099777281284,10
169.980599336792,11
172.46528685675,12
192.231808369979,13
145.056938852882,14
158.441653188551,15
181.223173393868,16
122.187729565427,17
140.755016107811,18
103.822445521131,19
169.370442984859,20
194.72690869472,21
121.121848195093,22
165.445088519715,23
191.408569318708,24
178.77625637874,25
107.050042880699,26
138.551369000459,27
140.238670403836,28
165.276152734412,29
141.911367524881,30
131.777460174868,31
119.575342598138,32
116.153839342529,33
151.807796430541,34
190.434386549518,35
120.47049918538,36
180.61401859764,37
101.996552628232,38
191.555636932375,39
143.061212852132,40
143.763413789216,41
175.308256076416,42
132.96316873841,43
139.041358029936,44
123.096133997897,45
107.089158136165,46
190.424965089187,47
176.397663736949,48
110.646127338754,49
107.842012814712,50
142.955055300379,51
167.297650440829,52
172.701267819619,53
144.798576527974,54
177.59478585422,55
167.303718161304,56
151.351661463734,57
168.389769661706,58
158.239289378049,59
180.644377138466,60
180.1944496457,61
160.383654326899,62
198.347554698121,63
183.480813737493,64
170.834836895578,65
101.889037671266,66
130.202944878954,67
187.411850454053,68
193.193334809039,69
123.207382977474,70
192.729917005636,71
156.103495704709,72
183.436249913881,73
181.308816790814,74
127.717312576016,75
104.682812598068,76
122.26912213047,77
166.636172075057,78
194.934154982679,79
167.840737158898,80
176.804495498538,81
176.808010428678,82
197.296685115201,83
101.008675853489,84
194.305999256438,85
131.970650361152,86
142.372529148357,87
113.315172448987,88
101.814502965659,89
164.993450745707,90
190.558600271353,91
170.814685320947,92
118.112193261739,93
123.766749015311,94
182.808458934538,95
138.201472169021,96
123.024806640111,97
106.823143387213,98
106.160228323424,99
112.376918056048,100
